{
    "code": 0,
    "msg": "",
    "count": 20,
    "data": [
        {
            "scId": "1",
            "scCusname": "重庆交通大学",
            "scComming": "广告",
            "scName": "谭洋",
            "scPhone": "111111111",
            "scSuccess": "10%",
            "scMessage": "u腹黑午饭后",
            "scDesc": "嘎布i有",
            "scUser": "都会因为",
            "scCreatime": "2016-10-14",
            "scGiveuser":"无法五个",
            "scGivetime":"2016-10-14",
            "scStatus":0
            
            
        }
    ]
}